,mean,median,mode,std
tenure,32.37114865824223,29.0,1.0,24.55948102309446
MonthlyCharges,64.76169246059918,70.35,20.05,30.090047097678493
TotalCharges,2281.9169281556156,1397.475,20.2,2265.270398482188
AvgMonthlySpend,59.26088985174318,61.150000000000006,10.1,30.820348239719987
